{"cameraMode":{"drawMode":0,"name":"Shaded","section":"Shading Mode"},"sceneLighting":false,"audioPlay":false,"sceneViewState":{"showFog":true,"showMaterialUpdate":false,"showSkybox":false,"showFlares":true,"showImageEffects":true,"showParticleSystems":true},"in2DMode":false,"pivot":{"x":4.3960347175598148,"y":-0.15661334991455079,"z":-1.507467269897461},"rotation":{"x":-0.37619882822036745,"y":0.022786542773246766,"z":-0.009256972931325436,"w":-0.9262213110923767},"size":28.552017211914064,"orthographic":false}